run_id,timestamp_utc,step,controller,signal_phase,signal_steps_remaining,arrivals_per_step,vehicles_created,vehicles_served,queue_north,queue_east,queue_south,queue_west,queue_ns,queue_ew,average_wait_steps,maximum_queue,stops,forecast_ns,forecast_ew
cc3c512e-8b10-4312-b9eb-2302cfde96ee,2026-10-09T06:15:05.267481+00:00,1,fpac,NS,2,6,6,2,2,2,0,0,2,2,0.6667,4,4,139408.8169,69704.4084
cc3c512e-8b10-4312-b9eb-2302cfde96ee,2026-10-09T06:15:05.676505+00:00,2,fpac,NS,1,6,12,4,3,3,1,1,4,4,1.0,8,12,125467.9352,83645.2901
cc3c512e-8b10-4312-b9eb-2302cfde96ee,2026-10-09T06:15:06.139378+00:00,3,fpac,NS,0,6,18,6,4,4,2,2,6,6,1.3333,12,24,119493.2716,89619.9537
cc3c512e-8b10-4312-b9eb-2302cfde96ee,2026-10-09T06:15:06.586059+00:00,4,fpac,NS,7,6,24,8,5,5,3,3,8,8,1.6667,16,40,116174.0141,92939.2113
cc3c512e-8b10-4312-b9eb-2302cfde96ee,2026-10-09T06:15:07.054280+00:00,5,fpac,NS,6,6,30,10,6,5,5,4,11,9,2.0,20,60,123566.9059,85546.3195
cc3c512e-8b10-4312-b9eb-2302cfde96ee,2026-10-09T06:15:07.480165+00:00,6,fpac,NS,5,6,36,12,7,8,4,5,11,13,2.3333,24,84,104556.6127,104556.6127
cc3c512e-8b10-4312-b9eb-2302cfde96ee,2026-10-09T06:15:07.932260+00:00,7,fpac,NS,4,6,42,14,6,10,4,8,10,18,2.6667,28,112,83645.2901,125467.9352
cc3c512e-8b10-4312-b9eb-2302cfde96ee,2026-10-09T06:15:08.378080+00:00,8,fpac,NS,3,6,48,16,7,11,4,10,11,21,3.0,32,144,79955.0567,129158.1686
cc3c512e-8b10-4312-b9eb-2302cfde96ee,2026-10-09T06:15:08.817013+00:00,9,fpac,NS,2,6,54,18,8,12,3,13,11,25,3.3333,36,180,71538.735,137574.4903
cc3c512e-8b10-4312-b9eb-2302cfde96ee,2026-10-09T06:15:09.281107+00:00,10,fpac,NS,1,6,60,20,8,13,5,14,13,27,3.6667,40,220,74683.2948,134429.9306
cc3c512e-8b10-4312-b9eb-2302cfde96ee,2026-10-09T06:15:09.877136+00:00,11,fpac,NS,0,6,66,22,9,15,5,15,14,30,4.0,44,264,72735.0349,136378.1904
cc3c512e-8b10-4312-b9eb-2302cfde96ee,2026-10-09T06:15:10.332215+00:00,12,fpac,EW,7,6,72,24,10,16,7,15,17,31,4.3333,48,312,71098.4966,138014.7287
cc3c512e-8b10-4312-b9eb-2302cfde96ee,2026-10-09T06:15:10.676720+00:00,13,fpac,EW,6,6,78,26,10,17,8,17,18,34,4.6667,52,364,69704.4084,139408.8169
cc3c512e-8b10-4312-b9eb-2302cfde96ee,2026-10-09T06:15:11.110354+00:00,14,fpac,EW,5,6,84,28,13,18,8,17,21,35,5.0,56,420,75713.4092,133399.8162
cc3c512e-8b10-4312-b9eb-2302cfde96ee,2026-10-09T06:15:11.547423+00:00,15,fpac,EW,4,6,90,30,15,18,9,18,24,36,5.3333,60,480,80947.055,128166.1704
cc3c512e-8b10-4312-b9eb-2302cfde96ee,2026-10-09T06:15:11.987478+00:00,16,fpac,EW,3,6,96,32,17,18,10,19,27,37,5.6667,64,544,85546.3195,123566.9059
cc3c512e-8b10-4312-b9eb-2302cfde96ee,2026-10-09T06:15:12.428720+00:00,17,fpac,EW,2,6,102,34,20,19,11,18,31,37,6.0,68,612,92607.2855,116505.9398
cc3c512e-8b10-4312-b9eb-2302cfde96ee,2026-10-09T06:15:12.909781+00:00,18,fpac,EW,1,6,108,36,21,20,11,20,32,40,6.3333,72,684,90427.3407,118685.8846
cc3c512e-8b10-4312-b9eb-2302cfde96ee,2026-10-09T06:15:13.363805+00:00,19,fpac,EW,0,6,114,38,24,19,12,21,36,40,6.6667,76,760,96513.7963,112599.429
cc3c512e-8b10-4312-b9eb-2302cfde96ee,2026-10-09T06:15:13.794481+00:00,20,fpac,EW,7,6,120,40,26,21,12,21,38,42,7.0,80,840,96906.1288,112207.0965
cc3c512e-8b10-4312-b9eb-2302cfde96ee,2026-10-09T06:15:14.223207+00:00,21,fpac,EW,6,6,126,42,27,21,14,22,41,43,7.3333,84,924,99693.5144,109419.7109
cc3c512e-8b10-4312-b9eb-2302cfde96ee,2026-10-09T06:15:14.699070+00:00,22,fpac,EW,5,6,132,44,30,22,15,21,45,43,7.6667,88,1012,104556.6127,104556.6127
cc3c512e-8b10-4312-b9eb-2302cfde96ee,2026-10-09T06:15:15.116157+00:00,23,fpac,EW,4,6,138,46,32,21,18,21,50,42,8.0,92,1104,111230.439,97882.7863
cc3c512e-8b10-4312-b9eb-2302cfde96ee,2026-10-09T06:15:15.592398+00:00,24,fpac,EW,3,6,144,48,33,24,19,20,52,44,8.3333,96,1200,110958.0379,98155.1874
cc3c512e-8b10-4312-b9eb-2302cfde96ee,2026-10-09T06:15:16.076449+00:00,25,fpac,EW,2,6,150,50,35,24,21,20,56,44,8.6667,100,1300,114807.261,94305.9644
cc3c512e-8b10-4312-b9eb-2302cfde96ee,2026-10-09T06:15:16.660410+00:00,26,fpac,EW,1,6,156,52,36,25,22,21,58,46,9.0,104,1404,114420.444,94692.7813
cc3c512e-8b10-4312-b9eb-2302cfde96ee,2026-10-09T06:15:16.940924+00:00,27,fpac,EW,0,6,162,54,39,26,22,21,61,47,9.3333,108,1512,115962.7886,93150.4367
cc3c512e-8b10-4312-b9eb-2302cfde96ee,2026-10-09T06:15:17.486202+00:00,28,fpac,NS,7,6,168,56,39,29,22,22,61,51,9.6667,112,1624,115562.5719,93550.6534
cc3c512e-8b10-4312-b9eb-2302cfde96ee,2026-10-09T06:15:17.895135+00:00,29,fpac,NS,6,6,174,58,40,32,21,23,61,55,10.0,116,1740,111645.1966,97468.0288
cc3c512e-8b10-4312-b9eb-2302cfde96ee,2026-10-09T06:15:18.326720+00:00,30,fpac,NS,5,6,180,60,40,32,24,24,64,56,10.3333,120,1860,113126.8268,95986.3985
cc3c512e-8b10-4312-b9eb-2302cfde96ee,2026-10-09T06:15:18.750754+00:00,31,fpac,NS,4,6,186,62,40,33,25,26,65,59,10.6667,124,1984,111195.1278,97918.0976
cc3c512e-8b10-4312-b9eb-2302cfde96ee,2026-10-09T06:15:19.192384+00:00,32,fpac,NS,3,6,192,64,41,34,26,27,67,61,11.0,128,2112,110990.8658,98122.3596
cc3c512e-8b10-4312-b9eb-2302cfde96ee,2026-10-09T06:15:19.719223+00:00,33,fpac,NS,2,6,198,66,41,36,27,28,68,64,11.3333,132,2244,109238.252,99874.9733
cc3c512e-8b10-4312-b9eb-2302cfde96ee,2026-10-09T06:15:20.108628+00:00,34,fpac,NS,1,6,204,68,40,38,28,30,68,68,11.6667,136,2380,106071.9259,103041.2994
cc3c512e-8b10-4312-b9eb-2302cfde96ee,2026-10-09T06:15:20.666021+00:00,35,fpac,NS,0,6,210,70,40,42,28,30,68,72,12.0,140,2520,103083.9843,106029.241
cc3c512e-8b10-4312-b9eb-2302cfde96ee,2026-10-09T06:15:21.152548+00:00,36,fpac,EW,7,6,216,72,42,44,28,30,70,74,12.3333,144,2664,100259.7656,108853.4598
cc3c512e-8b10-4312-b9eb-2302cfde96ee,2026-10-09T06:15:21.535309+00:00,37,fpac,EW,6,6,222,74,43,44,29,32,72,76,12.6667,148,2812,100374.3482,108738.8772
cc3c512e-8b10-4312-b9eb-2302cfde96ee,2026-10-09T06:15:21.950120+00:00,38,fpac,EW,5,6,228,76,43,44,30,35,73,79,13.0,152,2964,99125.1003,109988.125
cc3c512e-8b10-4312-b9eb-2302cfde96ee,2026-10-09T06:15:22.394486+00:00,39,fpac,EW,4,6,234,78,44,45,33,34,77,79,13.3333,156,3120,101909.6098,107203.6155
cc3c512e-8b10-4312-b9eb-2302cfde96ee,2026-10-09T06:15:22.813382+00:00,40,fpac,EW,3,6,240,80,46,44,34,36,80,80,13.6667,160,3280,103265.7903,105847.435
cc3c512e-8b10-4312-b9eb-2302cfde96ee,2026-10-09T06:15:23.224616+00:00,41,fpac,EW,2,6,246,82,47,44,36,37,83,81,14.0,164,3444,104556.6127,104556.6127
cc3c512e-8b10-4312-b9eb-2302cfde96ee,2026-10-09T06:15:23.668633+00:00,42,fpac,EW,1,6,252,84,49,43,36,40,85,83,14.3333,168,3612,104556.6127,104556.6127
cc3c512e-8b10-4312-b9eb-2302cfde96ee,2026-10-09T06:15:24.123090+00:00,43,fpac,EW,0,6,258,86,50,43,38,41,88,84,14.6667,172,3784,105758.4128,103354.8125
cc3c512e-8b10-4312-b9eb-2302cfde96ee,2026-10-09T06:15:24.570995+00:00,44,fpac,NS,7,6,264,88,53,44,38,41,91,85,15.0,176,3960,109255.7863,99857.4391
cc3c512e-8b10-4312-b9eb-2302cfde96ee,2026-10-09T06:15:25.027347+00:00,45,fpac,NS,6,6,270,90,54,47,38,41,92,88,15.3333,180,4140,108003.534,101109.6914
cc3c512e-8b10-4312-b9eb-2302cfde96ee,2026-10-09T06:15:25.538825+00:00,46,fpac,NS,5,6,276,92,54,50,38,42,92,92,15.6667,184,4324,105680.8773,103432.348
cc3c512e-8b10-4312-b9eb-2302cfde96ee,2026-10-09T06:15:25.968886+00:00,47,fpac,NS,4,6,282,94,56,50,39,43,95,93,16.0,188,4512,106757.8045,102355.4208
cc3c512e-8b10-4312-b9eb-2302cfde96ee,2026-10-09T06:15:26.406592+00:00,48,fpac,NS,3,6,288,96,56,50,40,46,96,96,16.3333,192,4704,105634.5159,103478.7094
cc3c512e-8b10-4312-b9eb-2302cfde96ee,2026-10-09T06:15:26.826326+00:00,49,fpac,NS,2,6,294,98,56,51,40,49,96,100,16.6667,196,4900,103500.4853,105612.7401
cc3c512e-8b10-4312-b9eb-2302cfde96ee,2026-10-09T06:15:27.271133+00:00,50,fpac,NS,1,6,300,100,55,52,42,51,97,103,17.0,200,5100,102486.1847,106627.0406
cc3c512e-8b10-4312-b9eb-2302cfde96ee,2026-10-09T06:15:27.744780+00:00,51,fpac,NS,0,6,306,102,55,55,41,53,96,108,17.3333,204,5304,99481.0489,109632.1764
cc3c512e-8b10-4312-b9eb-2302cfde96ee,2026-10-09T06:15:28.199250+00:00,52,fpac,EW,7,6,312,104,55,55,45,53,100,108,17.6667,208,5512,99577.7263,109535.499
cc3c512e-8b10-4312-b9eb-2302cfde96ee,2026-10-09T06:15:28.617428+00:00,53,fpac,EW,6,6,318,106,55,57,47,53,102,110,18.0,212,5724,99670.7896,109442.4357
cc3c512e-8b10-4312-b9eb-2302cfde96ee,2026-10-09T06:15:29.078720+00:00,54,fpac,EW,5,6,324,108,58,58,47,53,105,111,18.3333,216,5940,100719.6727,108393.5526
cc3c512e-8b10-4312-b9eb-2302cfde96ee,2026-10-09T06:15:29.535843+00:00,55,fpac,EW,4,6,330,110,61,57,48,54,109,111,18.6667,220,6160,102672.7097,106440.5156
cc3c512e-8b10-4312-b9eb-2302cfde96ee,2026-10-09T06:15:29.973679+00:00,56,fpac,EW,3,6,336,112,62,58,49,55,111,113,19.0,224,6384,102706.0531,106407.1722
cc3c512e-8b10-4312-b9eb-2302cfde96ee,2026-10-09T06:15:30.432002+00:00,57,fpac,EW,2,6,342,114,64,58,50,56,114,114,19.3333,228,6612,103647.4247,105465.8006
cc3c512e-8b10-4312-b9eb-2302cfde96ee,2026-10-09T06:15:30.964190+00:00,58,fpac,EW,1,6,348,116,65,59,51,57,116,116,19.6667,232,6844,103662.9664,105450.2589
cc3c512e-8b10-4312-b9eb-2302cfde96ee,2026-10-09T06:15:31.378436+00:00,59,fpac,EW,0,6,354,118,66,61,52,57,118,118,20.0,236,7080,103677.9857,105435.2397
cc3c512e-8b10-4312-b9eb-2302cfde96ee,2026-10-09T06:15:31.804455+00:00,60,fpac,NS,7,6,360,120,66,61,53,60,119,121,20.3333,240,7320,104556.6127,104556.6127
cc3c512e-8b10-4312-b9eb-2302cfde96ee,2026-10-09T06:15:32.266708+00:00,61,fpac,NS,6,6,366,122,67,62,54,61,121,123,20.6667,244,7564,104556.6127,104556.6127
cc3c512e-8b10-4312-b9eb-2302cfde96ee,2026-10-09T06:15:32.678999+00:00,62,fpac,NS,5,6,372,124,67,63,54,64,121,127,21.0,248,7812,102883.7069,106229.5185
cc3c512e-8b10-4312-b9eb-2302cfde96ee,2026-10-09T06:15:33.173293+00:00,63,fpac,NS,4,6,378,126,68,63,55,66,123,129,21.3333,252,8064,102910.0518,106203.1735
cc3c512e-8b10-4312-b9eb-2302cfde96ee,2026-10-09T06:15:33.576353+00:00,64,fpac,NS,3,6,384,128,69,64,54,69,123,133,21.6667,256,8320,101314.5472,107798.6782
cc3c512e-8b10-4312-b9eb-2302cfde96ee,2026-10-09T06:15:34.029820+00:00,65,fpac,NS,2,6,390,130,68,66,54,72,122,138,22.0,260,8580,98969.6181,110143.6072
cc3c512e-8b10-4312-b9eb-2302cfde96ee,2026-10-09T06:15:34.494873+00:00,66,fpac,NS,1,6,396,132,69,67,55,73,124,140,22.3333,264,8844,99053.6331,110059.5923
cc3c512e-8b10-4312-b9eb-2302cfde96ee,2026-10-09T06:15:34.935201+00:00,67,fpac,NS,0,6,402,134,68,70,56,74,124,144,22.6667,268,9112,97586.1718,111527.0535
cc3c512e-8b10-4312-b9eb-2302cfde96ee,2026-10-09T06:15:35.387966+00:00,68,fpac,EW,7,6,408,136,68,69,59,76,127,145,23.0,272,9384,96924.7431,112188.4822
cc3c512e-8b10-4312-b9eb-2302cfde96ee,2026-10-09T06:15:35.886047+00:00,69,fpac,EW,6,6,414,138,68,71,59,78,127,149,23.3333,276,9660,95530.1425,113583.0828
cc3c512e-8b10-4312-b9eb-2302cfde96ee,2026-10-09T06:15:36.315210+00:00,70,fpac,EW,5,6,420,140,69,72,60,79,129,151,23.6667,280,9940,95658.1775,113455.0478
cc3c512e-8b10-4312-b9eb-2302cfde96ee,2026-10-09T06:15:36.842914+00:00,71,fpac,EW,4,6,424,142,70,71,62,79,132,150,24.1085,282,10222,97193.4709,111919.7544
cc3c512e-8b10-4312-b9eb-2302cfde96ee,2026-10-09T06:15:37.265033+00:00,72,fpac,EW,3,6,430,144,73,71,64,78,137,149,24.4372,286,10508,99473.9995,109639.2258
cc3c512e-8b10-4312-b9eb-2302cfde96ee,2026-10-09T06:15:37.711122+00:00,73,fpac,EW,2,6,436,146,76,72,65,77,141,149,24.7661,290,10798,100975.9068,108137.3186
cc3c512e-8b10-4312-b9eb-2302cfde96ee,2026-10-09T06:15:38.114407+00:00,74,fpac,EW,1,6,442,148,77,73,66,78,143,151,25.095,294,11092,101024.2947,108088.9307
cc3c512e-8b10-4312-b9eb-2302cfde96ee,2026-10-09T06:15:38.605247+00:00,75,fpac,EW,0,6,448,150,77,74,68,79,145,153,25.4241,298,11390,101071.3922,108041.8331
cc3c512e-8b10-4312-b9eb-2302cfde96ee,2026-10-09T06:15:38.988227+00:00,76,fpac,EW,7,6,452,152,78,73,70,79,148,152,25.8628,300,11690,102479.329,106633.8964
cc3c512e-8b10-4312-b9eb-2302cfde96ee,2026-10-09T06:15:39.442261+00:00,77,fpac,EW,6,6,458,154,78,75,72,79,150,154,26.1878,304,11994,102506.483,106606.7423
cc3c512e-8b10-4312-b9eb-2302cfde96ee,2026-10-09T06:15:39.886792+00:00,78,fpac,EW,5,6,464,156,80,75,74,79,154,154,26.5129,308,12302,103882.0539,105231.1715
cc3c512e-8b10-4312-b9eb-2302cfde96ee,2026-10-09T06:15:40.364796+00:00,79,fpac,EW,4,6,470,158,80,74,79,79,159,153,26.8383,312,12614,105888.544,103224.6813
cc3c512e-8b10-4312-b9eb-2302cfde96ee,2026-10-09T06:15:40.778875+00:00,80,fpac,EW,3,6,474,160,80,75,80,79,160,154,27.2743,314,12928,105880.1141,103233.1112
cc3c512e-8b10-4312-b9eb-2302cfde96ee,2026-10-09T06:15:41.241187+00:00,81,fpac,EW,2,6,476,162,80,76,80,78,160,154,27.8193,314,13242,105880.1141,103233.1112
cc3c512e-8b10-4312-b9eb-2302cfde96ee,2026-10-09T06:15:41.691850+00:00,82,fpac,EW,1,6,479,164,80,76,80,79,160,155,28.3027,315,13557,105546.1074,103567.1179
cc3c512e-8b10-4312-b9eb-2302cfde96ee,2026-10-09T06:15:42.173102+00:00,83,fpac,EW,0,6,482,166,80,77,80,79,160,156,28.7822,316,13873,105214.2014,103899.0239dad630f9-274a-47d2-b50e-3280fd706f90,2026-10-10T04:16:09.956040+00:00,1,fpac,NS,2,6,11,2,4,1,1,3,5,4,0.8182,9,9,10.7,7.4
dad630f9-274a-47d2-b50e-3280fd706f90,2026-10-10T04:16:11.367332+00:00,2,fpac,NS,1,6,14,4,4,1,1,4,5,5,1.3571,10,19,10.7,8.5
dad630f9-274a-47d2-b50e-3280fd706f90,2026-10-10T04:16:12.005141+00:00,3,fpac,NS,0,6,19,6,5,1,1,6,6,7,1.6842,13,32,11.8,10.7
dad630f9-274a-47d2-b50e-3280fd706f90,2026-10-10T04:16:12.601261+00:00,4,fpac,NS,4,6,24,8,6,2,1,7,7,9,2.0,16,48,12.9,12.9
dad630f9-274a-47d2-b50e-3280fd706f90,2026-10-10T04:16:21.593923+00:00,5,fpac,NS,3,6,31,10,7,4,1,9,8,13,2.2258,21,69,14.0,17.3
dad630f9-274a-47d2-b50e-3280fd706f90,2026-10-10T04:16:22.171518+00:00,6,fpac,NS,2,6,37,12,8,6,0,11,8,17,2.5405,25,94,14.0,21.7
dad630f9-274a-47d2-b50e-3280fd706f90,2026-10-10T04:16:22.655233+00:00,7,fpac,NS,1,6,44,14,9,7,2,12,11,19,2.8182,30,124,17.3,23.9
dad630f9-274a-47d2-b50e-3280fd706f90,2026-10-10T04:16:23.370623+00:00,8,fpac,NS,0,6,49,16,9,8,3,13,12,21,3.2041,33,157,18.4,26.1
918b7ae5-9d21-41b3-a6d8-0347a071d0b5,2026-10-10T04:16:39.046524+00:00,1,fpac,NS,2,6,11,2,4,2,1,2,5,4,0.8182,9,9,10.7,7.4
918b7ae5-9d21-41b3-a6d8-0347a071d0b5,2026-10-10T04:16:39.507541+00:00,2,fpac,NS,1,6,14,4,4,2,1,3,5,5,1.3571,10,19,10.7,8.5
918b7ae5-9d21-41b3-a6d8-0347a071d0b5,2026-10-10T04:16:39.902859+00:00,3,fpac,NS,0,6,19,6,5,2,1,5,6,7,1.6842,13,32,11.8,10.7
918b7ae5-9d21-41b3-a6d8-0347a071d0b5,2026-10-10T04:16:44.735953+00:00,4,fpac,NS,4,8,29,8,6,5,3,7,9,12,1.8276,21,53,16.1,17.2
918b7ae5-9d21-41b3-a6d8-0347a071d0b5,2026-10-10T04:16:45.037466+00:00,5,fpac,NS,3,8,35,10,5,6,3,11,8,17,2.2286,25,78,15.0,22.7
918b7ae5-9d21-41b3-a6d8-0347a071d0b5,2026-10-10T04:16:45.421199+00:00,6,fpac,NS,2,8,44,12,7,7,5,13,12,20,2.5,32,110,19.4,26.0
918b7ae5-9d21-41b3-a6d8-0347a071d0b5,2026-10-10T04:16:45.787852+00:00,7,fpac,NS,1,8,51,14,8,8,6,15,14,23,2.8824,37,147,21.6,29.3
918b7ae5-9d21-41b3-a6d8-0347a071d0b5,2026-10-10T04:16:46.156786+00:00,8,fpac,NS,0,8,64,16,12,11,7,18,19,29,3.0469,48,195,27.1,35.9
918b7ae5-9d21-41b3-a6d8-0347a071d0b5,2026-10-10T04:16:46.571876+00:00,9,fpac,EW,7,8,72,18,16,12,8,18,24,30,3.4583,54,249,30.4,39.2
918b7ae5-9d21-41b3-a6d8-0347a071d0b5,2026-10-10T04:16:46.941758+00:00,10,fpac,EW,6,8,78,20,17,11,9,21,26,32,3.9359,58,307,32.6,41.4
918b7ae5-9d21-41b3-a6d8-0347a071d0b5,2026-10-10T04:16:47.988757+00:00,11,fpac,EW,5,8,86,22,19,14,10,21,29,35,4.314,64,371,35.9,44.7
918b7ae5-9d21-41b3-a6d8-0347a071d0b5,2026-10-10T04:16:48.856786+00:00,12,fpac,EW,4,8,93,24,21,15,12,21,33,36,4.7312,69,440,40.3,45.8
918b7ae5-9d21-41b3-a6d8-0347a071d0b5,2026-10-10T04:16:49.705349+00:00,13,fpac,EW,3,8,100,26,23,17,14,20,37,37,5.14,74,514,44.7,46.9
918b7ae5-9d21-41b3-a6d8-0347a071d0b5,2026-10-10T04:17:07.041648+00:00,14,fpac,EW,2,8,103,28,23,16,15,21,38,37,5.7184,75,589,45.8,46.9
918b7ae5-9d21-41b3-a6d8-0347a071d0b5,2026-10-10T04:17:12.397491+00:00,15,fpac,EW,1,8,108,30,26,17,15,20,41,37,6.1759,78,667,49.1,46.9
918b7ae5-9d21-41b3-a6d8-0347a071d0b5,2026-10-10T04:17:12.849060+00:00,16,fpac,EW,0,8,118,32,28,20,17,21,45,41,6.3814,86,753,53.5,51.3
918b7ae5-9d21-41b3-a6d8-0347a071d0b5,2026-10-10T04:17:13.297647+00:00,17,fpac,EW,7,8,129,34,32,21,21,21,53,42,6.5736,95,848,62.3,52.4
918b7ae5-9d21-41b3-a6d8-0347a071d0b5,2026-10-10T04:17:13.740831+00:00,18,fpac,EW,6,8,138,36,33,22,24,23,57,45,6.8841,102,950,66.7,55.7
918b7ae5-9d21-41b3-a6d8-0347a071d0b5,2026-10-10T04:17:14.199362+00:00,19,fpac,EW,5,8,145,38,36,24,24,23,60,47,7.2897,107,1057,70.0,57.9
918b7ae5-9d21-41b3-a6d8-0347a071d0b5,2026-10-10T04:17:14.655945+00:00,20,fpac,EW,4,8,158,40,38,26,28,26,66,52,7.4367,118,1175,76.6,63.4
918b7ae5-9d21-41b3-a6d8-0347a071d0b5,2026-10-10T04:17:15.091067+00:00,21,fpac,EW,3,8,165,42,39,26,30,28,69,54,7.8667,123,1298,79.9,65.6
918b7ae5-9d21-41b3-a6d8-0347a071d0b5,2026-10-10T04:17:15.556004+00:00,22,fpac,EW,2,8,178,44,44,28,33,29,77,57,8.0449,134,1432,88.7,68.9
918b7ae5-9d21-41b3-a6d8-0347a071d0b5,2026-10-10T04:17:16.000415+00:00,23,fpac,EW,1,8,187,46,47,29,35,30,82,59,8.4118,141,1573,94.2,71.1
918b7ae5-9d21-41b3-a6d8-0347a071d0b5,2026-10-10T04:17:16.444205+00:00,24,fpac,EW,0,8,190,48,47,28,36,31,83,59,9.0263,142,1715,95.3,71.1
918b7ae5-9d21-41b3-a6d8-0347a071d0b5,2026-10-10T04:17:16.889285+00:00,25,fpac,NS,7,8,202,50,46,31,38,37,84,68,9.2426,152,1867,98.6,78.8
918b7ae5-9d21-41b3-a6d8-0347a071d0b5,2026-10-10T04:17:17.350622+00:00,26,fpac,NS,6,8,206,52,45,31,40,38,85,69,9.8107,154,2021,99.7,79.9
918b7ae5-9d21-41b3-a6d8-0347a071d0b5,2026-10-10T04:17:17.799339+00:00,27,fpac,NS,5,8,211,54,44,33,41,39,85,72,10.3223,157,2178,99.7,83.2
918b7ae5-9d21-41b3-a6d8-0347a071d0b5,2026-10-10T04:17:18.249035+00:00,28,fpac,NS,4,8,217,56,45,33,41,42,86,75,10.7788,161,2339,100.8,86.5
918b7ae5-9d21-41b3-a6d8-0347a071d0b5,2026-10-10T04:17:18.696788+00:00,29,fpac,NS,3,8,224,58,45,35,40,46,85,81,11.183,166,2505,99.7,93.1
918b7ae5-9d21-41b3-a6d8-0347a071d0b5,2026-10-10T04:17:19.142777+00:00,30,fpac,NS,2,8,231,60,45,38,40,48,85,86,11.5844,171,2676,99.7,98.6
918b7ae5-9d21-41b3-a6d8-0347a071d0b5,2026-10-10T04:17:19.600470+00:00,31,fpac,NS,1,8,240,62,48,38,43,49,91,87,11.8917,178,2854,106.3,99.7
918b7ae5-9d21-41b3-a6d8-0347a071d0b5,2026-10-10T04:17:20.043517+00:00,32,fpac,NS,0,8,251,64,51,39,44,53,95,92,12.1155,187,3041,110.7,105.2
918b7ae5-9d21-41b3-a6d8-0347a071d0b5,2026-10-10T04:17:20.486835+00:00,33,fpac,EW,7,8,256,66,51,39,46,54,97,93,12.6211,190,3231,110.7,108.5
918b7ae5-9d21-41b3-a6d8-0347a071d0b5,2026-10-10T04:17:20.936257+00:00,34,fpac,EW,6,8,268,68,51,40,51,58,102,98,12.8022,200,3431,116.2,114.0
918b7ae5-9d21-41b3-a6d8-0347a071d0b5,2026-10-10T04:17:21.401686+00:00,35,fpac,EW,5,8,279,70,52,41,54,62,106,103,13.0466,209,3640,120.6,119.5
918b7ae5-9d21-41b3-a6d8-0347a071d0b5,2026-10-10T04:17:21.835107+00:00,36,fpac,EW,4,8,287,72,55,43,55,62,110,105,13.4321,215,3855,125.0,121.7
918b7ae5-9d21-41b3-a6d8-0347a071d0b5,2026-10-10T04:17:22.289768+00:00,37,fpac,EW,3,8,293,74,55,43,57,64,112,107,13.9044,219,4074,127.2,123.9
41bd80c4-2dfe-482f-b569-ccf634776844,2026-10-10T04:23:07.274350+00:00,1,fpac,NS,2,6,11,2,4,2,1,2,5,4,0.8182,9,9,10.7,7.4
41bd80c4-2dfe-482f-b569-ccf634776844,2026-10-10T04:23:09.056719+00:00,2,fpac,NS,1,6,14,4,4,2,1,3,5,5,1.3571,10,19,10.7,8.5
41bd80c4-2dfe-482f-b569-ccf634776844,2026-10-10T04:23:09.503226+00:00,3,fpac,NS,0,6,19,6,5,2,1,5,6,7,1.6842,13,32,11.8,10.7
41bd80c4-2dfe-482f-b569-ccf634776844,2026-10-10T04:23:09.954689+00:00,4,fpac,NS,4,6,24,8,6,3,1,6,7,9,2.0,16,48,12.9,12.9
41bd80c4-2dfe-482f-b569-ccf634776844,2026-10-10T04:23:10.411306+00:00,5,fpac,NS,3,6,31,10,7,5,1,8,8,13,2.2258,21,69,14.0,17.3
41bd80c4-2dfe-482f-b569-ccf634776844,2026-10-10T04:23:10.853129+00:00,6,fpac,NS,2,6,37,12,8,7,0,10,8,17,2.5405,25,94,14.0,21.7
41bd80c4-2dfe-482f-b569-ccf634776844,2026-10-10T04:23:11.310826+00:00,7,fpac,NS,1,6,44,14,9,8,2,11,11,19,2.8182,30,124,17.3,23.9
41bd80c4-2dfe-482f-b569-ccf634776844,2026-10-10T04:23:11.754565+00:00,8,fpac,NS,0,6,49,16,9,9,3,12,12,21,3.2041,33,157,18.4,26.1
41bd80c4-2dfe-482f-b569-ccf634776844,2026-10-10T04:23:12.214344+00:00,9,fpac,EW,7,6,56,18,9,10,4,15,13,25,3.4821,38,195,17.3,32.7
41bd80c4-2dfe-482f-b569-ccf634776844,2026-10-10T04:23:12.662754+00:00,10,fpac,EW,6,6,60,20,13,9,4,14,17,23,3.9167,40,235,21.7,30.5
41bd80c4-2dfe-482f-b569-ccf634776844,2026-10-10T04:23:13.112955+00:00,11,fpac,EW,5,6,68,22,17,9,5,15,22,24,4.1324,46,281,27.2,31.6
41bd80c4-2dfe-482f-b569-ccf634776844,2026-10-10T04:23:13.559149+00:00,12,fpac,EW,4,6,72,24,19,9,5,15,24,24,4.5694,48,329,29.4,31.6
41bd80c4-2dfe-482f-b569-ccf634776844,2026-10-10T04:23:14.000872+00:00,13,fpac,EW,3,6,75,26,19,8,5,17,24,25,5.04,49,378,29.4,32.7
41bd80c4-2dfe-482f-b569-ccf634776844,2026-10-10T04:23:14.462632+00:00,14,fpac,EW,2,6,81,28,22,10,5,16,27,26,5.321,53,431,32.7,33.8
41bd80c4-2dfe-482f-b569-ccf634776844,2026-10-10T04:23:14.909128+00:00,15,fpac,EW,1,6,88,30,25,11,7,15,32,26,5.5568,58,489,38.2,33.8
41bd80c4-2dfe-482f-b569-ccf634776844,2026-10-10T04:23:15.359558+00:00,16,fpac,EW,0,6,97,32,27,14,9,15,36,29,5.7113,65,554,42.6,37.1
41bd80c4-2dfe-482f-b569-ccf634776844,2026-10-10T04:23:15.813325+00:00,17,fpac,NS,7,6,99,34,26,14,9,16,35,30,6.2525,65,619,43.7,36.0
41bd80c4-2dfe-482f-b569-ccf634776844,2026-10-10T04:23:16.261900+00:00,18,fpac,NS,6,6,101,36,25,15,9,16,34,31,6.7723,65,684,42.6,37.1
41bd80c4-2dfe-482f-b569-ccf634776844,2026-10-10T04:23:16.708479+00:00,19,fpac,NS,5,6,108,38,25,19,9,17,34,36,6.9815,70,754,42.6,42.6
41bd80c4-2dfe-482f-b569-ccf634776844,2026-10-10T04:23:17.151049+00:00,20,fpac,NS,4,6,116,40,25,22,10,19,35,41,7.1552,76,830,43.7,48.1
41bd80c4-2dfe-482f-b569-ccf634776844,2026-10-10T04:23:17.610351+00:00,21,fpac,NS,3,6,120,42,25,22,11,20,36,42,7.5667,78,908,44.8,49.2
41bd80c4-2dfe-482f-b569-ccf634776844,2026-10-10T04:23:18.061856+00:00,22,fpac,NS,2,6,123,44,25,23,11,20,36,43,8.0244,79,987,44.8,50.3
41bd80c4-2dfe-482f-b569-ccf634776844,2026-10-10T04:23:18.503911+00:00,23,fpac,NS,1,6,131,46,25,25,12,23,37,48,8.1832,85,1072,45.9,55.8
41bd80c4-2dfe-482f-b569-ccf634776844,2026-10-10T04:23:18.965036+00:00,24,fpac,NS,0,6,139,48,26,28,12,25,38,53,8.3669,91,1163,47.0,61.3
41bd80c4-2dfe-482f-b569-ccf634776844,2026-10-10T04:23:19.414568+00:00,25,fpac,EW,7,6,150,50,26,29,16,29,42,58,8.42,100,1263,49.2,69.0
41bd80c4-2dfe-482f-b569-ccf634776844,2026-10-10T04:23:19.862732+00:00,26,fpac,EW,6,6,154,52,27,29,17,29,44,58,8.8636,102,1365,51.4,69.0
41bd80c4-2dfe-482f-b569-ccf634776844,2026-10-10T04:23:20.312564+00:00,27,fpac,EW,5,6,160,54,27,29,19,31,46,60,9.1937,106,1471,53.6,71.2
41bd80c4-2dfe-482f-b569-ccf634776844,2026-10-10T04:23:20.750591+00:00,28,fpac,EW,4,6,164,56,29,28,19,32,48,60,9.628,108,1579,55.8,71.2
41bd80c4-2dfe-482f-b569-ccf634776844,2026-10-10T04:23:21.211888+00:00,29,fpac,EW,3,6,167,58,29,27,20,33,49,60,10.1078,109,1688,56.9,71.2
41bd80c4-2dfe-482f-b569-ccf634776844,2026-10-10T04:23:21.651865+00:00,30,fpac,EW,2,6,168,60,30,26,20,32,50,58,10.6905,109,1796,58.0,69.0
41bd80c4-2dfe-482f-b569-ccf634776844,2026-10-10T04:23:22.097655+00:00,31,fpac,EW,1,6,175,62,31,29,21,32,52,61,10.9086,113,1909,60.2,72.3
41bd80c4-2dfe-482f-b569-ccf634776844,2026-10-10T04:23:22.561760+00:00,32,fpac,EW,0,6,177,64,31,29,21,32,52,61,11.4237,113,2022,60.2,72.3
41bd80c4-2dfe-482f-b569-ccf634776844,2026-10-10T04:23:22.998496+00:00,33,fpac,NS,7,6,183,66,33,29,21,34,54,63,11.6885,117,2139,64.6,72.3
41bd80c4-2dfe-482f-b569-ccf634776844,2026-10-10T04:23:23.462425+00:00,34,fpac,NS,6,6,188,68,33,30,22,35,55,65,12.016,120,2259,65.7,74.5
41bd80c4-2dfe-482f-b569-ccf634776844,2026-10-10T04:23:23.905125+00:00,35,fpac,NS,5,6,196,70,33,33,23,37,56,70,12.1684,126,2385,66.8,80.0
41bd80c4-2dfe-482f-b569-ccf634776844,2026-10-10T04:23:24.362392+00:00,36,fpac,NS,4,6,203,72,32,36,24,39,56,75,12.3941,131,2516,66.8,85.5
41bd80c4-2dfe-482f-b569-ccf634776844,2026-10-10T04:23:24.808510+00:00,37,fpac,NS,3,6,207,74,33,37,23,40,56,77,12.7971,133,2649,66.8,87.7
41bd80c4-2dfe-482f-b569-ccf634776844,2026-10-10T04:23:25.249064+00:00,38,fpac,NS,2,6,210,76,34,37,22,41,56,78,13.2524,134,2783,66.8,88.8
41bd80c4-2dfe-482f-b569-ccf634776844,2026-10-10T04:23:25.709367+00:00,39,fpac,NS,1,6,215,78,33,38,21,45,54,83,13.5814,137,2920,64.6,94.3
41bd80c4-2dfe-482f-b569-ccf634776844,2026-10-10T04:23:26.159234+00:00,40,fpac,NS,0,6,222,80,32,41,21,48,53,89,13.7928,142,3062,63.5,100.9
41bd80c4-2dfe-482f-b569-ccf634776844,2026-10-10T04:23:26.606267+00:00,41,fpac,EW,7,6,228,82,33,41,24,48,57,89,14.0702,146,3208,65.7,103.1
41bd80c4-2dfe-482f-b569-ccf634776844,2026-10-10T04:23:27.048552+00:00,42,fpac,EW,6,6,233,84,34,41,26,48,60,89,14.4077,149,3357,69.0,103.1
41bd80c4-2dfe-482f-b569-ccf634776844,2026-10-10T04:23:27.500328+00:00,43,fpac,EW,5,6,242,86,37,40,28,51,65,91,14.5165,156,3513,74.5,105.3
41bd80c4-2dfe-482f-b569-ccf634776844,2026-10-10T04:23:27.949762+00:00,44,fpac,EW,4,6,243,88,37,39,28,51,65,90,15.0947,156,3668,74.5,104.2
41bd80c4-2dfe-482f-b569-ccf634776844,2026-10-10T04:23:28.401891+00:00,45,fpac,EW,3,6,251,90,39,40,30,52,69,92,15.255,161,3829,78.9,106.4
41bd80c4-2dfe-482f-b569-ccf634776844,2026-10-10T04:23:28.850400+00:00,46,fpac,EW,2,6,261,92,39,41,34,55,73,96,15.318,169,3998,83.3,110.8
41bd80c4-2dfe-482f-b569-ccf634776844,2026-10-10T04:23:29.300305+00:00,47,fpac,EW,1,6,269,94,40,42,36,57,76,99,15.513,175,4173,86.6,114.1
41bd80c4-2dfe-482f-b569-ccf634776844,2026-10-10T04:23:29.748292+00:00,48,fpac,EW,0,6,277,96,46,41,38,56,84,97,15.7184,181,4354,95.4,111.9
41bd80c4-2dfe-482f-b569-ccf634776844,2026-10-10T04:23:30.202507+00:00,49,fpac,EW,7,6,282,98,47,42,39,56,86,98,16.0922,184,4538,97.6,113.0
41bd80c4-2dfe-482f-b569-ccf634776844,2026-10-10T04:23:30.660453+00:00,50,fpac,EW,6,6,290,100,47,42,41,60,88,102,16.3034,190,4728,99.8,117.4
41bd80c4-2dfe-482f-b569-ccf634776844,2026-10-10T04:23:31.099148+00:00,51,fpac,EW,5,6,297,102,48,44,43,60,91,104,16.5758,195,4923,103.1,119.6
41bd80c4-2dfe-482f-b569-ccf634776844,2026-10-10T04:23:31.560256+00:00,52,fpac,EW,4,6,301,104,48,43,46,60,94,103,17.01,197,5120,106.4,118.5
41bd80c4-2dfe-482f-b569-ccf634776844,2026-10-10T04:23:32.002028+00:00,53,fpac,EW,3,6,307,106,49,42,49,61,98,103,17.3322,201,5321,110.8,118.5
41bd80c4-2dfe-482f-b569-ccf634776844,2026-10-10T04:23:32.458478+00:00,54,fpac,EW,2,6,312,108,52,41,50,61,102,102,17.7083,204,5525,115.2,117.4
41bd80c4-2dfe-482f-b569-ccf634776844,2026-10-10T04:23:32.903678+00:00,55,fpac,EW,1,6,317,110,53,41,51,62,104,103,18.082,207,5732,117.4,118.5
41bd80c4-2dfe-482f-b569-ccf634776844,2026-10-10T04:23:33.359307+00:00,56,fpac,EW,0,6,325,112,55,43,52,63,107,106,18.2923,213,5945,120.7,121.8
41bd80c4-2dfe-482f-b569-ccf634776844,2026-10-10T04:23:33.802451+00:00,57,fpac,NS,7,6,330,114,57,44,52,63,109,107,18.6697,216,6161,125.1,120.7
41bd80c4-2dfe-482f-b569-ccf634776844,2026-10-10T04:23:34.252570+00:00,58,fpac,NS,6,6,334,116,57,45,52,64,109,109,19.0988,218,6379,125.1,122.9
41bd80c4-2dfe-482f-b569-ccf634776844,2026-10-10T04:23:34.701113+00:00,59,fpac,NS,5,6,337,118,57,45,52,65,109,110,19.5786,219,6598,125.1,124.0
41bd80c4-2dfe-482f-b569-ccf634776844,2026-10-10T04:23:35.159156+00:00,60,fpac,NS,4,6,343,120,57,47,53,66,110,113,19.8863,223,6821,126.2,127.3
41bd80c4-2dfe-482f-b569-ccf634776844,2026-10-10T04:23:35.602153+00:00,61,fpac,NS,3,6,350,122,59,48,54,67,113,115,20.14,228,7049,129.5,129.5
41bd80c4-2dfe-482f-b569-ccf634776844,2026-10-10T04:23:37.035764+00:00,62,fpac,NS,2,6,356,124,59,49,56,68,115,117,20.4522,232,7281,131.7,131.7
41bd80c4-2dfe-482f-b569-ccf634776844,2026-10-10T04:23:37.488872+00:00,63,fpac,NS,1,6,365,126,59,52,58,70,117,122,20.6027,239,7520,133.9,137.2
41bd80c4-2dfe-482f-b569-ccf634776844,2026-10-10T04:23:37.941845+00:00,64,fpac,NS,0,6,371,128,61,53,57,72,118,125,20.9245,243,7763,135.0,140.5
41bd80c4-2dfe-482f-b569-ccf634776844,2026-10-10T04:23:38.403883+00:00,65,fpac,EW,7,6,376,130,63,53,58,72,121,125,21.3005,246,8009,136.1,142.7
41bd80c4-2dfe-482f-b569-ccf634776844,2026-10-10T04:23:38.840138+00:00,66,fpac,EW,6,6,383,132,65,52,59,75,124,127,21.5666,251,8260,139.4,144.9
41bd80c4-2dfe-482f-b569-ccf634776844,2026-10-10T04:23:39.287265+00:00,67,fpac,EW,5,6,389,134,66,54,61,74,127,128,21.8895,255,8515,142.7,146.0
